{
  "project_info": {
    "project_number": "802992401132",
    "project_id": "progect-80cea",
    "storage_bucket": "progect-80cea.appspot.com"
  },
  "client": [
    {
      "client_info": {
        "mobilesdk_app_id": "1:802992401132:android:28eecf7fc96bac2d0653c9",
        "android_client_info": {
          "package_name": "com.android.application"
        }
      },
      "oauth_client": [],
      "api_key": [
        {
          "current_key": "AIzaSyAJ_ltekoautAP-i0zpBL8J5o7qaRzYQ54"
        }
      ],
      "services": {
        "appinvite_service": {
          "other_platform_oauth_client": []
        }
      }
    },
    {
      "client_info": {
        "mobilesdk_app_id": "1:802992401132:android:1130b05b077682bb0653c9",
        "android_client_info": {
          "package_name": "com.example.adminproject"
        }
      },
      "oauth_client": [],
      "api_key": [
        {
          "current_key": "AIzaSyAJ_ltekoautAP-i0zpBL8J5o7qaRzYQ54"
        }
      ],
      "services": {
        "appinvite_service": {
          "other_platform_oauth_client": []
        }
      }
    }
  ],
  "configuration_version": "1"
}